Poland,Brazil,China,Canada,USA,Australia
52.237049,-23.533773,39.913818,49.246292,39.730610,-33.865143
21.017532,-46.625290,116.363625,-123.116226,-73.935242,151.209900
,,,,,
,,,,,
10,3,34,56,40,17
